{"cameraMode":{"drawMode":0,"name":"Shaded","section":"Shading Mode"},"sceneLighting":false,"audioPlay":false,"sceneViewState":{"showFog":true,"showMaterialUpdate":false,"showSkybox":false,"showFlares":true,"showImageEffects":true,"showParticleSystems":true},"in2DMode":false,"pivot":{"x":-6.860725402832031,"y":10.161212921142579,"z":-7.115488052368164},"rotation":{"x":0.097005195915699,"y":0.7893241047859192,"z":-0.12924647331237794,"w":0.5923611521720886},"size":3.0959455966949465,"orthographic":false}