{"cameraMode":{"drawMode":0,"name":"Shaded","section":"Shading Mode"},"sceneLighting":false,"audioPlay":false,"sceneViewState":{"showFog":true,"showMaterialUpdate":false,"showSkybox":false,"showFlares":true,"showImageEffects":true,"showParticleSystems":true},"in2DMode":false,"pivot":{"x":-0.24053049087524415,"y":-1.7036256790161133,"z":-2.084536552429199},"rotation":{"x":0.1686345934867859,"y":0.8130016326904297,"z":-0.28695717453956606,"w":0.4777735769748688},"size":5.312699794769287,"orthographic":false}