{"cameraMode":{"drawMode":0,"name":"Shaded","section":"Shading Mode"},"sceneLighting":false,"audioPlay":false,"sceneViewState":{"showFog":true,"showMaterialUpdate":false,"showSkybox":false,"showFlares":true,"showImageEffects":true,"showParticleSystems":true},"in2DMode":false,"pivot":{"x":-4.050498962402344,"y":3.921769380569458,"z":2.0040597915649416},"rotation":{"x":0.16666288673877717,"y":0.6895135641098023,"z":-0.1678651124238968,"w":0.6845703721046448},"size":2.903330087661743,"orthographic":false}